customer_id,customer_name,city,product,quantity,price
1,Kavya Kumar,Bangalore,Headphones,2,2000
2,Amit Sharma,Jaipur,Laptop,4,60000
3,Meena Kumar,Mumbai,Headphones,2,2000
4,Nagesh Shah,Pune,Monitor,2,18000
5,Savita Iyer,Chennai,Headphones,4,2000
6,Shalini Singh,Pune,Tablet,4,25000
7,Geeta Singh,Delhi,Headphones,3,2000
8,Rajesh Sharma,Chennai,Laptop,3,60000
9,Praveen Shah,Bangalore,Mobile,4,20000
10,Dhanraj Sharma,Chennai,Laptop,3,60000
11,Shyam Shah,Hyderabad,Printer,2,12000
12,Sunita Kumar,Nagpur,Smartwatch,1,8000
13,Pavan Sharma,Chennai,Smartwatch,4,8000
14,Indira Rao,Delhi,Camera,3,35000
15,Rekha Singh,Mumbai,Printer,2,12000
16,Dhanraj Gupta,Delhi,Keyboard,4,1500
17,Venkat Iyer,Nagpur,Camera,1,35000
18,Pavan Kumar,Hyderabad,Speaker,3,3500
19,Sunita Gupta,Ahmedabad,Camera,2,35000
20,Savita Joshi,Chennai,Keyboard,2,1500
21,Nisha Patel,Nagpur,Monitor,3,18000
22,Vivek Nair,Ahmedabad,Speaker,3,3500
23,Sujata Patel,Jaipur,Keyboard,1,1500
24,Priya Sharma,Delhi,Tablet,4,25000
25,Tushar Sharma,Chennai,Speaker,4,3500
26,Sulochana Singh,Jaipur,Mobile,1,20000
27,Rukma Iyer,Bangalore,Camera,1,35000
28,Usha Nair,Delhi,Keyboard,1,1500
29,Nisha Iyer,Delhi,Monitor,1,18000
30,Shyam Singh,Jaipur,Printer,2,12000
31,Sandeep Rao,Delhi,Monitor,1,18000
32,Tushar Rao,Kolkata,Mobile,1,20000
33,Dinesh Singh,Nagpur,Mobile,2,20000
34,Satish Sharma,Mumbai,Keyboard,1,1500
35,Dhanraj Patel,Delhi,Keyboard,2,1500
36,Nisha Iyer,Ahmedabad,Speaker,2,3500
37,Pushpa Gupta,Bangalore,Speaker,3,3500
38,Umesh Iyer,Kolkata,Laptop,2,60000
39,Sujata Sharma,Hyderabad,Mobile,2,20000
40,Shalini Gupta,Pune,Laptop,1,60000
41,Pavan Sharma,Pune,Camera,1,35000
42,Smita Gupta,Bangalore,Keyboard,2,1500
43,Pushpa Patel,Ahmedabad,Printer,4,12000
44,Chitra Joshi,Chennai,Headphones,1,2000
45,Anita Nair,Hyderabad,Speaker,4,3500
46,Vaishali Kumar,Mumbai,Mobile,4,20000
47,Geeta Sharma,Nagpur,Headphones,2,2000
48,Dhanraj Joshi,Delhi,Speaker,2,3500
49,Madhuri Joshi,Nagpur,Laptop,4,60000
50,Hemant Sharma,Pune,Monitor,1,18000
51,Suresh Gupta,Delhi,Speaker,4,3500
52,Asha Gupta,Chennai,Mobile,2,20000
53,Ashok Kumar,Chennai,Smartwatch,4,8000
54,Sanjay Nair,Jaipur,Keyboard,2,1500
55,Swati Singh,Nagpur,Mobile,1,20000
56,Sunil Kumar,Pune,Printer,4,12000
57,Nagesh Iyer,Delhi,Mobile,1,20000
58,Harish Sharma,Ahmedabad,Laptop,2,60000
59,Sarita Sharma,Ahmedabad,Headphones,1,2000
60,Varsha Sharma,Chennai,Printer,3,12000
61,Nisha Gupta,Hyderabad,Headphones,3,2000
62,Kiran Patel,Bangalore,Keyboard,3,1500
63,Karan Kumar,Kolkata,Printer,1,12000
64,Karan Iyer,Nagpur,Monitor,3,18000
65,Pooja Rao,Mumbai,Headphones,3,2000
66,Sanjay Patel,Kolkata,Monitor,3,18000
67,Nilesh Iyer,Pune,Monitor,3,18000
68,Rajan Sharma,Delhi,Smartwatch,1,8000
69,Rajesh Iyer,Delhi,Smartwatch,3,8000
70,Pallavi Gupta,Hyderabad,Headphones,3,2000
71,Nagesh Joshi,Bangalore,Mobile,1,20000
72,Indira Nair,Bangalore,Mobile,1,20000
73,Arun Patel,Bangalore,Tablet,4,25000
74,Hemant Nair,Jaipur,Mobile,1,20000
75,Karan Patel,Jaipur,Mobile,3,20000
76,Vivek Iyer,Delhi,Speaker,2,3500
77,Vikram Singh,Hyderabad,Mobile,3,20000
78,Rekha Gupta,Mumbai,Camera,4,35000
79,Varsha Patel,Nagpur,Tablet,2,25000
80,Ravi Kumar,Delhi,Camera,4,35000
81,Sumitra Gupta,Bangalore,Tablet,1,25000
82,Ashok Kumar,Kolkata,Headphones,2,2000
83,Girish Rao,Bangalore,Headphones,2,2000
84,Ritu Gupta,Chennai,Camera,3,35000
85,Sunita Singh,Hyderabad,Monitor,4,18000
86,Ganesh Iyer,Hyderabad,Mobile,1,20000
87,Nisha Patel,Ahmedabad,Smartwatch,1,8000
88,Rajesh Shah,Chennai,Camera,3,35000
89,Mala Shah,Jaipur,Laptop,4,60000
90,Kamla Gupta,Bangalore,Mobile,4,20000
91,Arjun Iyer,Jaipur,Headphones,3,2000
92,Mala Sharma,Hyderabad,Printer,3,12000
93,Rajan Sharma,Bangalore,Monitor,3,18000
94,Sumitra Nair,Hyderabad,Speaker,3,3500
95,Hemant Patel,Nagpur,Speaker,4,3500
96,Ganesh Patel,Ahmedabad,Printer,3,12000
97,Sarita Iyer,Pune,Smartwatch,3,8000
98,Rekha Nair,Ahmedabad,Printer,3,12000
99,Vaishali Joshi,Kolkata,Headphones,4,2000
100,Nikhil Sharma,Bangalore,Monitor,3,18000
101,Suresh Gupta,Bangalore,Headphones,2,2000
102,Neha Kumar,Pune,Headphones,4,2000
103,Nilesh Sharma,Kolkata,Speaker,2,3500
104,Mangala Nair,Kolkata,Speaker,2,3500
105,Neha Kumar,Mumbai,Speaker,2,3500
106,Divya Iyer,Kolkata,Mobile,2,20000
107,Mohan Joshi,Delhi,Keyboard,3,1500
108,Umesh Shah,Jaipur,Speaker,4,3500
109,Latha Joshi,Kolkata,Smartwatch,2,8000
110,Indira Singh,Jaipur,Keyboard,2,1500
111,Madhuri Joshi,Mumbai,Smartwatch,2,8000
112,Venkat Rao,Hyderabad,Monitor,1,18000
113,Amit Patel,Nagpur,Speaker,2,3500
114,Manish Sharma,Chennai,Speaker,3,3500
115,Pushpa Joshi,Chennai,Mobile,2,20000
116,Jyoti Nair,Ahmedabad,Mobile,4,20000
117,Asha Kumar,Hyderabad,Smartwatch,4,8000
118,Jyoti Iyer,Jaipur,Printer,2,12000
119,Ramesh Gupta,Bangalore,Speaker,4,3500
120,Ritu Nair,Hyderabad,Speaker,2,3500
121,Vaishali Patel,Ahmedabad,Monitor,1,18000
122,Kiran Shah,Ahmedabad,Mobile,1,20000
123,Babu Nair,Delhi,Keyboard,2,1500
124,Priya Singh,Chennai,Camera,2,35000
125,Girish Rao,Hyderabad,Speaker,3,3500
126,Jyoti Singh,Mumbai,Keyboard,1,1500
127,Pushpa Kumar,Hyderabad,Headphones,1,2000
128,Savita Kumar,Pune,Headphones,2,2000
129,Akash Shah,Delhi,Headphones,2,2000
130,Prasad Sharma,Ahmedabad,Headphones,4,2000
131,Mangala Singh,Hyderabad,Tablet,1,25000
132,Latha Singh,Mumbai,Printer,1,12000
133,Bhavna Shah,Chennai,Speaker,2,3500
134,Karan Shah,Nagpur,Laptop,3,60000
135,Rukma Shah,Mumbai,Printer,1,12000
136,Praveen Iyer,Chennai,Camera,1,35000
137,Nagesh Rao,Pune,Speaker,4,3500
138,Rajesh Nair,Hyderabad,Keyboard,2,1500
139,Mala Patel,Jaipur,Smartwatch,4,8000
140,Vaishali Nair,Ahmedabad,Smartwatch,3,8000
141,Chitra Sharma,Bangalore,Keyboard,2,1500
142,Vaishali Shah,Ahmedabad,Speaker,3,3500
143,Ritu Joshi,Hyderabad,Tablet,4,25000
144,Manish Rao,Bangalore,Camera,3,35000
145,Tushar Singh,Jaipur,Mobile,2,20000
146,Deepa Gupta,Chennai,Keyboard,2,1500
147,Kishor Joshi,Kolkata,Keyboard,1,1500
148,Suresh Singh,Nagpur,Speaker,2,3500
149,Bhavna Shah,Hyderabad,Keyboard,3,1500
150,Mahesh Iyer,Hyderabad,Camera,4,35000
151,Venkat Singh,Bangalore,Headphones,1,2000
152,Swati Rao,Mumbai,Monitor,2,18000
153,Swati Gupta,Kolkata,Smartwatch,3,8000
154,Anita Gupta,Bangalore,Headphones,3,2000
155,Divya Singh,Pune,Monitor,2,18000
156,Madhuri Kumar,Pune,Monitor,3,18000
157,Mangala Patel,Kolkata,Laptop,1,60000
158,Kamla Singh,Kolkata,Keyboard,4,1500
159,Geeta Patel,Pune,Smartwatch,4,8000
160,Kavya Sharma,Chennai,Keyboard,1,1500
161,Kamla Kumar,Delhi,Tablet,3,25000
162,Deepa Gupta,Mumbai,Monitor,4,18000
163,Pallavi Shah,Ahmedabad,Headphones,4,2000
164,Nalini Joshi,Bangalore,Printer,4,12000
165,Bhavna Shah,Ahmedabad,Mobile,1,20000
166,Rekha Gupta,Bangalore,Laptop,2,60000
167,Rohit Patel,Jaipur,Laptop,2,60000
168,Arjun Nair,Kolkata,Printer,4,12000
169,Usha Kumar,Nagpur,Smartwatch,3,8000
170,Mangala Joshi,Mumbai,Headphones,3,2000
171,Shyam Shah,Nagpur,Speaker,1,3500
172,Pushpa Gupta,Delhi,Smartwatch,2,8000
173,Karan Kumar,Delhi,Smartwatch,3,8000
174,Umesh Sharma,Kolkata,Smartwatch,4,8000
175,Venkat Iyer,Jaipur,Keyboard,4,1500
176,Deepa Shah,Pune,Speaker,3,3500
177,Pallavi Singh,Pune,Laptop,2,60000
178,Ganesh Shah,Ahmedabad,Mobile,3,20000
179,Kamla Kumar,Delhi,Keyboard,4,1500
180,Madhuri Patel,Ahmedabad,Speaker,4,3500
181,Suresh Joshi,Hyderabad,Speaker,3,3500
182,Lakshmi Sharma,Delhi,Camera,4,35000
183,Kishor Joshi,Bangalore,Speaker,1,3500
184,Girish Sharma,Hyderabad,Smartwatch,3,8000
185,Kavya Nair,Jaipur,Mobile,4,20000
186,Ravi Kumar,Nagpur,Monitor,3,18000
187,Varsha Joshi,Kolkata,Mobile,2,20000
188,Venkat Iyer,Delhi,Smartwatch,4,8000
189,Mangala Joshi,Mumbai,Mobile,2,20000
190,Latha Singh,Jaipur,Mobile,4,20000
191,Suresh Gupta,Mumbai,Keyboard,1,1500
192,Babu Patel,Kolkata,Smartwatch,3,8000
193,Jyoti Joshi,Kolkata,Headphones,4,2000
194,Hemant Patel,Chennai,Headphones,2,2000
195,Sunita Singh,Chennai,Camera,3,35000
196,Arjun Singh,Bangalore,Printer,4,12000
197,Sandeep Joshi,Jaipur,Keyboard,3,1500
198,Arun Iyer,Jaipur,Speaker,4,3500
199,Lakshmi Gupta,Nagpur,Printer,4,12000
200,Pavan Nair,Pune,Camera,4,35000
201,Ashok Nair,Delhi,Keyboard,1,1500
202,Pooja Iyer,Ahmedabad,Camera,1,35000
203,Umesh Sharma,Jaipur,Keyboard,1,1500
204,Neha Nair,Delhi,Laptop,4,60000
205,Nisha Rao,Ahmedabad,Speaker,1,3500
206,Arun Iyer,Chennai,Camera,4,35000
207,Pushpa Kumar,Ahmedabad,Laptop,2,60000
208,Shyam Singh,Nagpur,Laptop,4,60000
209,Anita Sharma,Kolkata,Tablet,3,25000
210,Ritu Kumar,Hyderabad,Mobile,3,20000
211,Sheela Rao,Chennai,Tablet,2,25000
212,Sulochana Nair,Ahmedabad,Tablet,2,25000
213,Divya Sharma,Ahmedabad,Speaker,2,3500
214,Shobha Shah,Delhi,Headphones,4,2000
215,Indira Singh,Kolkata,Smartwatch,1,8000
216,Vaishali Singh,Jaipur,Tablet,1,25000
217,Umesh Rao,Ahmedabad,Smartwatch,4,8000
218,Kishor Singh,Kolkata,Smartwatch,2,8000
219,Radha Joshi,Mumbai,Headphones,4,2000
220,Kamla Rao,Ahmedabad,Smartwatch,3,8000
221,Akash Nair,Bangalore,Mobile,1,20000
222,Pallavi Joshi,Bangalore,Headphones,3,2000
223,Sujata Gupta,Ahmedabad,Smartwatch,2,8000
224,Shyam Sharma,Pune,Smartwatch,4,8000
225,Meena Shah,Hyderabad,Tablet,1,25000
226,Usha Rao,Chennai,Tablet,2,25000
227,Pooja Iyer,Hyderabad,Monitor,3,18000
228,Nikhil Singh,Kolkata,Smartwatch,3,8000
229,Kavya Joshi,Mumbai,Tablet,2,25000
230,Ganesh Nair,Jaipur,Camera,1,35000
231,Kiran Kumar,Bangalore,Monitor,1,18000
232,Girish Rao,Bangalore,Printer,4,12000
233,Indira Rao,Mumbai,Headphones,4,2000
234,Ritu Shah,Jaipur,Camera,2,35000
235,Babu Sharma,Kolkata,Smartwatch,4,8000
236,Kavya Patel,Pune,Mobile,3,20000
237,Shobha Sharma,Mumbai,Headphones,2,2000
238,Radha Joshi,Hyderabad,Monitor,4,18000
239,Shalini Patel,Chennai,Laptop,4,60000
240,Nilesh Nair,Bangalore,Mobile,3,20000
241,Manish Joshi,Kolkata,Headphones,3,2000
242,Anita Rao,Jaipur,Camera,1,35000
243,Kiran Singh,Nagpur,Laptop,4,60000
244,Suresh Gupta,Ahmedabad,Mobile,1,20000
245,Arun Gupta,Delhi,Printer,2,12000
246,Sunita Iyer,Nagpur,Printer,2,12000
247,Pavan Rao,Delhi,Printer,1,12000
248,Madhuri Patel,Delhi,Monitor,3,18000
249,Divya Sharma,Pune,Tablet,1,25000
250,Sheela Gupta,Ahmedabad,Camera,1,35000
251,Divya Singh,Pune,Tablet,4,25000
252,Sulochana Sharma,Mumbai,Keyboard,4,1500
253,Dinesh Iyer,Ahmedabad,Laptop,4,60000
254,Nagesh Gupta,Ahmedabad,Mobile,3,20000
255,Girish Kumar,Pune,Keyboard,4,1500
256,Mahesh Sharma,Kolkata,Keyboard,1,1500
257,Deepa Rao,Ahmedabad,Tablet,1,25000
258,Pooja Singh,Ahmedabad,Printer,3,12000
259,Ashok Shah,Jaipur,Smartwatch,4,8000
260,Nagesh Shah,Chennai,Laptop,1,60000
261,Savita Iyer,Nagpur,Speaker,4,3500
262,Pavan Nair,Hyderabad,Keyboard,4,1500
263,Jyoti Sharma,Hyderabad,Speaker,3,3500
264,Sumitra Singh,Hyderabad,Tablet,4,25000
265,Sunita Sharma,Mumbai,Laptop,4,60000
266,Anita Rao,Delhi,Monitor,1,18000
267,Shalini Iyer,Jaipur,Camera,1,35000
268,Ravi Rao,Chennai,Mobile,3,20000
269,Tushar Singh,Hyderabad,Laptop,2,60000
270,Sandeep Joshi,Nagpur,Laptop,3,60000
271,Vrinda Rao,Mumbai,Smartwatch,2,8000
272,Mahesh Iyer,Ahmedabad,Printer,1,12000
273,Pallavi Singh,Pune,Tablet,3,25000
274,Mangala Singh,Hyderabad,Camera,1,35000
275,Harish Patel,Ahmedabad,Speaker,1,3500
276,Neha Kumar,Mumbai,Monitor,2,18000
277,Ashok Nair,Kolkata,Camera,2,35000
278,Padma Singh,Hyderabad,Printer,1,12000
279,Priya Patel,Delhi,Printer,1,12000
280,Ganesh Sharma,Bangalore,Keyboard,4,1500
281,Ramesh Shah,Kolkata,Speaker,3,3500
282,Manish Iyer,Mumbai,Camera,4,35000
283,Kavya Singh,Ahmedabad,Keyboard,3,1500
284,Vikram Gupta,Chennai,Printer,1,12000
285,Arjun Gupta,Bangalore,Headphones,2,2000
286,Ajay Singh,Hyderabad,Laptop,1,60000
287,Shobha Nair,Delhi,Tablet,4,25000
288,Dhanraj Gupta,Jaipur,Monitor,3,18000
289,Karan Nair,Pune,Speaker,1,3500
290,Girish Sharma,Hyderabad,Printer,4,12000
291,Kamla Nair,Chennai,Smartwatch,1,8000
292,Sarita Kumar,Hyderabad,Tablet,4,25000
293,Kishor Rao,Mumbai,Speaker,1,3500
294,Chitra Nair,Ahmedabad,Speaker,1,3500
295,Kiran Singh,Hyderabad,Headphones,3,2000
296,Nikhil Sharma,Jaipur,Laptop,2,60000
297,Praveen Rao,Delhi,Headphones,1,2000
298,Neha Singh,Nagpur,Tablet,2,25000
299,Savita Sharma,Delhi,Keyboard,4,1500
300,Satish Shah,Kolkata,Printer,3,12000
301,Shyam Rao,Delhi,Keyboard,1,1500
302,Prasad Joshi,Bangalore,Smartwatch,1,8000
303,Sheela Iyer,Mumbai,Smartwatch,4,8000
304,Nalini Kumar,Pune,Camera,3,35000
305,Karan Sharma,Ahmedabad,Printer,4,12000
306,Vaishali Shah,Jaipur,Mobile,4,20000
307,Kamla Gupta,Hyderabad,Printer,4,12000
308,Nagesh Patel,Pune,Keyboard,1,1500
309,Geeta Sharma,Jaipur,Tablet,1,25000
310,Chitra Joshi,Kolkata,Monitor,2,18000
311,Dinesh Rao,Bangalore,Speaker,4,3500
312,Geeta Shah,Pune,Camera,1,35000
313,Arun Sharma,Jaipur,Speaker,3,3500
314,Ajay Shah,Delhi,Camera,1,35000
315,Vivek Patel,Hyderabad,Smartwatch,4,8000
316,Pooja Shah,Mumbai,Smartwatch,4,8000
317,Babu Rao,Delhi,Monitor,1,18000
318,Babu Nair,Jaipur,Camera,1,35000
319,Dinesh Singh,Delhi,Headphones,3,2000
320,Ramesh Gupta,Nagpur,Tablet,2,25000
321,Karan Singh,Mumbai,Monitor,1,18000
322,Rajan Rao,Ahmedabad,Tablet,4,25000
323,Sandeep Patel,Delhi,Printer,2,12000
324,Umesh Kumar,Chennai,Camera,2,35000
325,Umesh Shah,Bangalore,Keyboard,2,1500
326,Dhanraj Gupta,Bangalore,Keyboard,2,1500
327,Padma Shah,Kolkata,Keyboard,3,1500
328,Ashok Iyer,Jaipur,Speaker,2,3500
329,Gopal Shah,Delhi,Smartwatch,1,8000
330,Babu Joshi,Hyderabad,Monitor,1,18000
331,Yashwant Sharma,Bangalore,Laptop,2,60000
332,Venkat Joshi,Jaipur,Tablet,4,25000
333,Suresh Gupta,Kolkata,Camera,1,35000
334,Jyoti Kumar,Chennai,Monitor,3,18000
335,Rohit Nair,Mumbai,Camera,2,35000
336,Ritu Rao,Mumbai,Camera,2,35000
337,Amit Kumar,Bangalore,Keyboard,2,1500
338,Prasad Joshi,Ahmedabad,Mobile,1,20000
339,Akash Singh,Nagpur,Tablet,4,25000
340,Kavya Singh,Nagpur,Smartwatch,1,8000
341,Priya Gupta,Chennai,Printer,4,12000
342,Sunita Sharma,Kolkata,Printer,1,12000
343,Shyam Iyer,Ahmedabad,Headphones,2,2000
344,Usha Nair,Pune,Printer,3,12000
345,Rohit Shah,Chennai,Tablet,1,25000
346,Sulochana Rao,Mumbai,Monitor,1,18000
347,Radha Joshi,Pune,Speaker,3,3500
348,Ajay Kumar,Hyderabad,Laptop,3,60000
349,Rohit Sharma,Ahmedabad,Camera,2,35000
350,Vikram Rao,Jaipur,Camera,2,35000
351,Rukma Joshi,Kolkata,Tablet,2,25000
352,Sunita Joshi,Pune,Smartwatch,2,8000
353,Vikram Gupta,Pune,Camera,3,35000
354,Smita Nair,Jaipur,Keyboard,3,1500
355,Meena Gupta,Bangalore,Camera,1,35000
356,Savita Rao,Bangalore,Laptop,3,60000
357,Mala Nair,Kolkata,Speaker,3,3500
358,Harish Joshi,Kolkata,Camera,3,35000
359,Deepa Nair,Mumbai,Speaker,2,3500
360,Pushpa Singh,Hyderabad,Laptop,1,60000
361,Lakshmi Singh,Bangalore,Keyboard,4,1500
362,Nikhil Joshi,Hyderabad,Keyboard,1,1500
363,Sheela Shah,Chennai,Smartwatch,1,8000
364,Karan Nair,Hyderabad,Monitor,2,18000
365,Ritu Patel,Ahmedabad,Keyboard,1,1500
366,Pooja Sharma,Nagpur,Camera,3,35000
367,Radha Shah,Pune,Printer,2,12000
368,Ganesh Joshi,Hyderabad,Camera,4,35000
369,Karan Shah,Delhi,Monitor,3,18000
370,Kiran Rao,Bangalore,Headphones,1,2000
371,Ritu Patel,Kolkata,Monitor,4,18000
372,Vrinda Sharma,Bangalore,Smartwatch,4,8000
373,Manish Shah,Bangalore,Keyboard,2,1500
374,Mohan Patel,Mumbai,Keyboard,2,1500
375,Umesh Sharma,Hyderabad,Camera,1,35000
376,Hemant Iyer,Bangalore,Smartwatch,2,8000
377,Mangala Patel,Hyderabad,Monitor,2,18000
378,Mohan Gupta,Delhi,Headphones,4,2000
379,Ritu Rao,Jaipur,Printer,3,12000
380,Vaishali Iyer,Delhi,Printer,1,12000
381,Sunita Singh,Chennai,Keyboard,4,1500
382,Ravi Shah,Mumbai,Tablet,3,25000
383,Babu Sharma,Kolkata,Keyboard,3,1500
384,Pooja Iyer,Ahmedabad,Tablet,2,25000
385,Mala Iyer,Pune,Laptop,2,60000
386,Naveen Patel,Delhi,Camera,2,35000
387,Praveen Iyer,Bangalore,Laptop,3,60000
388,Gopal Iyer,Bangalore,Tablet,3,25000
389,Nilesh Iyer,Mumbai,Monitor,2,18000
390,Shalini Shah,Delhi,Tablet,3,25000
391,Satish Kumar,Pune,Laptop,1,60000
392,Babu Shah,Bangalore,Headphones,4,2000
393,Varsha Kumar,Kolkata,Monitor,3,18000
394,Babu Singh,Kolkata,Headphones,4,2000
395,Naveen Joshi,Mumbai,Mobile,2,20000
396,Umesh Nair,Kolkata,Keyboard,2,1500
397,Geeta Shah,Delhi,Camera,3,35000
398,Praveen Nair,Delhi,Camera,1,35000
399,Sunil Gupta,Kolkata,Laptop,3,60000
400,Nalini Gupta,Delhi,Laptop,1,60000
401,Usha Nair,Ahmedabad,Speaker,2,3500
402,Latha Rao,Ahmedabad,Camera,2,35000
403,Latha Joshi,Jaipur,Keyboard,4,1500
404,Bhavna Joshi,Pune,Laptop,4,60000
405,Nagesh Joshi,Nagpur,Headphones,3,2000
406,Priya Kumar,Bangalore,Keyboard,4,1500
407,Sanjay Iyer,Pune,Laptop,4,60000
408,Amit Singh,Hyderabad,Speaker,3,3500
409,Vikram Nair,Pune,Printer,2,12000
410,Dinesh Iyer,Bangalore,Laptop,4,60000
411,Nagesh Joshi,Jaipur,Smartwatch,1,8000
412,Pooja Sharma,Chennai,Camera,3,35000
413,Vrinda Rao,Delhi,Headphones,4,2000
414,Nagesh Kumar,Pune,Mobile,2,20000
415,Arun Joshi,Jaipur,Keyboard,2,1500
416,Pallavi Iyer,Delhi,Camera,3,35000
417,Latha Nair,Ahmedabad,Smartwatch,3,8000
418,Nagesh Iyer,Jaipur,Keyboard,3,1500
419,Prasad Kumar,Hyderabad,Camera,1,35000
420,Jyoti Shah,Bangalore,Mobile,4,20000
421,Nisha Shah,Ahmedabad,Headphones,1,2000
422,Vivek Joshi,Delhi,Monitor,4,18000
423,Neha Gupta,Pune,Printer,1,12000
424,Swati Kumar,Kolkata,Camera,4,35000
425,Sandeep Nair,Nagpur,Speaker,4,3500
426,Rahul Patel,Jaipur,Headphones,3,2000
427,Rajan Joshi,Jaipur,Speaker,3,3500
428,Divya Joshi,Jaipur,Camera,3,35000
429,Ganesh Singh,Ahmedabad,Keyboard,2,1500
430,Chitra Singh,Jaipur,Smartwatch,2,8000
431,Naveen Singh,Nagpur,Keyboard,3,1500
432,Asha Rao,Jaipur,Smartwatch,3,8000
433,Mohan Shah,Jaipur,Speaker,4,3500
434,Praveen Patel,Bangalore,Mobile,3,20000
435,Deepa Rao,Kolkata,Smartwatch,4,8000
436,Manish Gupta,Jaipur,Smartwatch,3,8000
437,Amit Sharma,Ahmedabad,Printer,2,12000
438,Chitra Kumar,Jaipur,Headphones,2,2000
439,Priya Sharma,Chennai,Camera,4,35000
440,Anita Patel,Pune,Monitor,2,18000
441,Ravi Joshi,Kolkata,Headphones,3,2000
442,Lakshmi Singh,Pune,Laptop,2,60000
443,Dhanraj Kumar,Delhi,Speaker,2,3500
444,Meena Nair,Kolkata,Tablet,3,25000
445,Meena Kumar,Bangalore,Printer,1,12000
446,Arun Singh,Kolkata,Monitor,4,18000
447,Amit Iyer,Kolkata,Smartwatch,2,8000
448,Kavya Rao,Delhi,Keyboard,3,1500
449,Harish Kumar,Hyderabad,Smartwatch,2,8000
450,Divya Shah,Chennai,Speaker,3,3500
451,Suresh Nair,Mumbai,Tablet,2,25000
452,Asha Rao,Nagpur,Mobile,3,20000
453,Radha Gupta,Kolkata,Smartwatch,3,8000
454,Naveen Shah,Ahmedabad,Mobile,3,20000
455,Savita Rao,Nagpur,Mobile,1,20000
456,Vaishali Singh,Delhi,Speaker,3,3500
457,Kishor Sharma,Bangalore,Camera,2,35000
458,Sujata Patel,Kolkata,Tablet,4,25000
459,Pallavi Rao,Chennai,Monitor,4,18000
460,Dhanraj Gupta,Nagpur,Printer,1,12000
461,Sulochana Joshi,Jaipur,Camera,1,35000
462,Satish Sharma,Pune,Monitor,2,18000
463,Kamla Iyer,Delhi,Tablet,3,25000
464,Yashwant Joshi,Mumbai,Headphones,4,2000
465,Suresh Iyer,Kolkata,Mobile,4,20000
466,Pooja Iyer,Chennai,Keyboard,1,1500
467,Vrinda Joshi,Bangalore,Mobile,4,20000
468,Ajay Kumar,Nagpur,Printer,1,12000
469,Vikram Nair,Hyderabad,Laptop,1,60000
470,Sunita Joshi,Pune,Smartwatch,4,8000
471,Harish Patel,Chennai,Camera,4,35000
472,Nalini Nair,Chennai,Laptop,2,60000
473,Savita Rao,Mumbai,Tablet,4,25000
474,Sulochana Patel,Nagpur,Mobile,1,20000
475,Naveen Joshi,Jaipur,Speaker,4,3500
476,Pavan Gupta,Kolkata,Camera,2,35000
477,Madhuri Gupta,Mumbai,Mobile,4,20000
478,Nilesh Kumar,Nagpur,Headphones,1,2000
479,Anita Shah,Pune,Keyboard,1,1500
480,Chitra Kumar,Chennai,Keyboard,2,1500
481,Pushpa Gupta,Pune,Tablet,3,25000
482,Pavan Shah,Hyderabad,Printer,3,12000
483,Rohit Singh,Delhi,Monitor,2,18000
484,Ravi Singh,Bangalore,Mobile,2,20000
485,Shyam Nair,Jaipur,Keyboard,1,1500
486,Praveen Nair,Jaipur,Camera,4,35000
487,Ravi Patel,Bangalore,Speaker,2,3500
488,Dhanraj Joshi,Nagpur,Headphones,3,2000
489,Neha Joshi,Pune,Monitor,4,18000
490,Jyoti Iyer,Jaipur,Tablet,4,25000
491,Chitra Singh,Nagpur,Camera,1,35000
492,Nalini Rao,Mumbai,Monitor,2,18000
493,Priya Singh,Chennai,Printer,1,12000
494,Karan Gupta,Ahmedabad,Monitor,2,18000
495,Asha Gupta,Hyderabad,Smartwatch,1,8000
496,Manish Gupta,Mumbai,Keyboard,2,1500
497,Mangala Shah,Nagpur,Speaker,2,3500
498,Hemant Rao,Bangalore,Speaker,4,3500
499,Dhanraj Rao,Bangalore,Smartwatch,3,8000
500,Smita Joshi,Kolkata,Laptop,4,60000
501,Sunil Gupta,Hyderabad,Camera,4,35000
502,Vikram Shah,Nagpur,Tablet,1,25000
503,Nisha Iyer,Ahmedabad,Printer,4,12000
504,Usha Patel,Nagpur,Camera,2,35000
505,Ashok Shah,Nagpur,Keyboard,3,1500
506,Ajay Joshi,Kolkata,Keyboard,2,1500
507,Sheela Patel,Delhi,Monitor,4,18000
508,Harish Iyer,Pune,Monitor,1,18000
509,Karan Kumar,Pune,Speaker,2,3500
510,Shyam Gupta,Mumbai,Tablet,1,25000
511,Manish Iyer,Kolkata,Camera,1,35000
512,Varsha Shah,Kolkata,Keyboard,1,1500
513,Arjun Iyer,Jaipur,Speaker,1,3500
514,Akash Iyer,Bangalore,Monitor,3,18000
515,Akash Iyer,Chennai,Tablet,1,25000
516,Anita Iyer,Delhi,Headphones,2,2000
517,Varsha Iyer,Bangalore,Camera,3,35000
518,Kiran Sharma,Hyderabad,Speaker,4,3500
519,Satish Gupta,Nagpur,Smartwatch,1,8000
520,Savita Kumar,Mumbai,Speaker,4,3500
521,Ashok Iyer,Kolkata,Mobile,1,20000
522,Mangala Patel,Mumbai,Keyboard,4,1500
523,Babu Rao,Ahmedabad,Laptop,1,60000
524,Pavan Gupta,Ahmedabad,Keyboard,3,1500
525,Vikram Sharma,Bangalore,Monitor,1,18000
526,Divya Rao,Pune,Headphones,2,2000
527,Kiran Sharma,Bangalore,Tablet,2,25000
528,Satish Nair,Jaipur,Camera,4,35000
529,Amit Sharma,Jaipur,Camera,1,35000
530,Anita Nair,Nagpur,Laptop,3,60000
531,Pallavi Shah,Ahmedabad,Speaker,3,3500
532,Ritu Singh,Kolkata,Keyboard,2,1500
533,Sheela Iyer,Chennai,Speaker,2,3500
534,Rukma Shah,Chennai,Laptop,3,60000
535,Chitra Sharma,Mumbai,Smartwatch,2,8000
536,Ashok Patel,Chennai,Camera,3,35000
537,Rajesh Sharma,Pune,Smartwatch,4,8000
538,Dinesh Singh,Mumbai,Tablet,1,25000
539,Harish Nair,Kolkata,Monitor,4,18000
540,Rajesh Kumar,Mumbai,Camera,1,35000
541,Tushar Shah,Hyderabad,Speaker,1,3500
542,Usha Nair,Chennai,Laptop,2,60000
543,Kamla Iyer,Delhi,Speaker,2,3500
544,Amit Singh,Bangalore,Smartwatch,4,8000
545,Neha Sharma,Delhi,Speaker,3,3500
546,Jyoti Singh,Kolkata,Laptop,3,60000
547,Ajay Gupta,Kolkata,Printer,2,12000
548,Girish Sharma,Delhi,Smartwatch,1,8000
549,Kiran Rao,Ahmedabad,Speaker,3,3500
550,Umesh Rao,Chennai,Printer,2,12000
551,Naveen Rao,Ahmedabad,Headphones,4,2000
552,Sunil Patel,Chennai,Camera,3,35000
553,Kishor Joshi,Ahmedabad,Headphones,3,2000
554,Ashok Singh,Chennai,Camera,1,35000
555,Satish Gupta,Ahmedabad,Monitor,2,18000
556,Rukma Iyer,Pune,Keyboard,2,1500
557,Umesh Singh,Mumbai,Speaker,4,3500
558,Amit Singh,Nagpur,Smartwatch,2,8000
559,Mahesh Nair,Mumbai,Keyboard,4,1500
560,Vivek Nair,Jaipur,Monitor,4,18000
561,Pushpa Kumar,Hyderabad,Monitor,1,18000
562,Rajesh Gupta,Hyderabad,Tablet,1,25000
563,Satish Nair,Hyderabad,Speaker,1,3500
564,Sneha Sharma,Bangalore,Headphones,2,2000
565,Nalini Rao,Chennai,Keyboard,2,1500
566,Praveen Kumar,Kolkata,Laptop,3,60000
567,Jyoti Sharma,Mumbai,Tablet,3,25000
568,Bhavna Rao,Kolkata,Headphones,4,2000
569,Praveen Joshi,Mumbai,Keyboard,4,1500
570,Sunil Sharma,Bangalore,Mobile,1,20000
571,Akash Rao,Mumbai,Tablet,2,25000
572,Yashwant Patel,Jaipur,Tablet,3,25000
573,Vrinda Nair,Kolkata,Headphones,4,2000
574,Shyam Patel,Delhi,Speaker,4,3500
575,Ritu Shah,Nagpur,Keyboard,4,1500
576,Radha Kumar,Nagpur,Headphones,3,2000
577,Sunita Shah,Mumbai,Monitor,2,18000
578,Dinesh Rao,Nagpur,Keyboard,1,1500
579,Nisha Joshi,Jaipur,Camera,4,35000
580,Nilesh Nair,Ahmedabad,Laptop,3,60000
581,Sheela Joshi,Ahmedabad,Tablet,3,25000
582,Nilesh Shah,Mumbai,Tablet,3,25000
583,Mohan Gupta,Bangalore,Laptop,2,60000
584,Padma Patel,Jaipur,Speaker,4,3500
585,Tushar Patel,Ahmedabad,Speaker,4,3500
586,Harish Joshi,Jaipur,Tablet,2,25000
587,Ramesh Singh,Delhi,Tablet,3,25000
588,Nalini Shah,Pune,Camera,1,35000
589,Ramesh Patel,Nagpur,Speaker,4,3500
590,Ravi Joshi,Chennai,Keyboard,4,1500
591,Nikhil Sharma,Ahmedabad,Mobile,2,20000
592,Usha Kumar,Bangalore,Headphones,3,2000
593,Nikhil Joshi,Ahmedabad,Keyboard,1,1500
594,Kamla Sharma,Bangalore,Monitor,3,18000
595,Pushpa Kumar,Kolkata,Monitor,2,18000
596,Mahesh Sharma,Nagpur,Smartwatch,1,8000
597,Nalini Singh,Hyderabad,Laptop,4,60000
598,Mohan Gupta,Nagpur,Printer,3,12000
599,Nilesh Nair,Delhi,Printer,2,12000
600,Rekha Gupta,Pune,Printer,3,12000
601,Dhanraj Singh,Ahmedabad,Monitor,2,18000
602,Lakshmi Singh,Bangalore,Printer,3,12000
603,Smita Sharma,Delhi,Speaker,1,3500
604,Madhuri Patel,Delhi,Headphones,2,2000
605,Lakshmi Gupta,Chennai,Keyboard,2,1500
606,Kamla Singh,Chennai,Speaker,4,3500
607,Karan Sharma,Chennai,Monitor,3,18000
608,Kishor Rao,Kolkata,Keyboard,3,1500
609,Vivek Kumar,Mumbai,Keyboard,3,1500
610,Sunita Iyer,Chennai,Headphones,4,2000
611,Manish Joshi,Bangalore,Camera,3,35000
612,Geeta Iyer,Ahmedabad,Tablet,4,25000
613,Geeta Kumar,Pune,Laptop,4,60000
614,Akash Sharma,Delhi,Keyboard,4,1500
615,Arjun Nair,Nagpur,Tablet,3,25000
616,Latha Singh,Mumbai,Camera,3,35000
617,Deepa Rao,Delhi,Mobile,4,20000
618,Shyam Singh,Nagpur,Speaker,1,3500
619,Anita Kumar,Nagpur,Keyboard,1,1500
620,Pooja Shah,Nagpur,Monitor,4,18000
621,Sneha Kumar,Hyderabad,Laptop,4,60000
622,Kishor Patel,Kolkata,Laptop,2,60000
623,Radha Sharma,Mumbai,Laptop,3,60000
624,Padma Singh,Delhi,Speaker,2,3500
625,Babu Patel,Mumbai,Monitor,1,18000
626,Nilesh Patel,Kolkata,Camera,2,35000
627,Shyam Patel,Chennai,Printer,4,12000
628,Manish Sharma,Mumbai,Tablet,1,25000
629,Shalini Nair,Hyderabad,Speaker,3,3500
630,Amit Gupta,Bangalore,Laptop,2,60000
631,Hemant Shah,Ahmedabad,Printer,3,12000
632,Kishor Kumar,Bangalore,Headphones,2,2000
633,Kiran Singh,Pune,Headphones,4,2000
634,Radha Sharma,Nagpur,Keyboard,1,1500
635,Sulochana Kumar,Hyderabad,Camera,2,35000
636,Radha Shah,Chennai,Camera,2,35000
637,Prasad Sharma,Pune,Printer,1,12000
638,Sneha Singh,Nagpur,Mobile,1,20000
639,Kiran Iyer,Bangalore,Monitor,4,18000
640,Mahesh Nair,Mumbai,Monitor,2,18000
641,Madhuri Sharma,Bangalore,Laptop,2,60000
642,Sandeep Iyer,Hyderabad,Speaker,1,3500
643,Bhavna Nair,Nagpur,Mobile,2,20000
644,Suresh Nair,Mumbai,Keyboard,1,1500
645,Bhavna Patel,Mumbai,Mobile,2,20000
646,Mangala Kumar,Delhi,Keyboard,3,1500
647,Yashwant Iyer,Bangalore,Tablet,3,25000
648,Pooja Singh,Mumbai,Mobile,3,20000
649,Mahesh Singh,Jaipur,Laptop,3,60000
650,Kamla Sharma,Kolkata,Keyboard,3,1500
651,Rahul Joshi,Ahmedabad,Tablet,3,25000
652,Latha Singh,Mumbai,Printer,1,12000
653,Pavan Iyer,Pune,Mobile,1,20000
654,Chitra Kumar,Kolkata,Camera,4,35000
655,Sandeep Patel,Pune,Monitor,4,18000
656,Sujata Rao,Nagpur,Speaker,3,3500
657,Venkat Sharma,Ahmedabad,Camera,1,35000
658,Nagesh Kumar,Delhi,Headphones,1,2000
659,Sarita Sharma,Kolkata,Smartwatch,3,8000
660,Lakshmi Sharma,Jaipur,Keyboard,1,1500
661,Padma Gupta,Bangalore,Printer,3,12000
662,Varsha Gupta,Kolkata,Camera,4,35000
663,Gopal Iyer,Nagpur,Tablet,1,25000
664,Ravi Kumar,Nagpur,Monitor,3,18000
665,Indira Kumar,Hyderabad,Mobile,4,20000
666,Bhavna Sharma,Nagpur,Monitor,2,18000
667,Jyoti Joshi,Pune,Tablet,3,25000
668,Suresh Kumar,Nagpur,Monitor,4,18000
669,Mangala Rao,Kolkata,Laptop,1,60000
670,Nagesh Patel,Chennai,Laptop,1,60000
671,Mala Patel,Nagpur,Smartwatch,3,8000
672,Sunil Nair,Hyderabad,Camera,4,35000
673,Venkat Gupta,Mumbai,Headphones,2,2000
674,Vivek Sharma,Delhi,Laptop,2,60000
675,Nalini Joshi,Hyderabad,Speaker,1,3500
676,Dhanraj Rao,Nagpur,Keyboard,3,1500
677,Vaishali Singh,Mumbai,Laptop,2,60000
678,Rukma Singh,Ahmedabad,Mobile,2,20000
679,Lakshmi Patel,Mumbai,Headphones,3,2000
680,Kiran Iyer,Pune,Smartwatch,3,8000
681,Divya Kumar,Chennai,Keyboard,2,1500
682,Anita Joshi,Mumbai,Tablet,1,25000
683,Sneha Kumar,Nagpur,Tablet,2,25000
684,Sarita Rao,Mumbai,Printer,3,12000
685,Karan Kumar,Mumbai,Headphones,4,2000
686,Pooja Sharma,Hyderabad,Laptop,1,60000
687,Vaishali Kumar,Delhi,Printer,4,12000
688,Kiran Joshi,Pune,Speaker,4,3500
689,Divya Rao,Nagpur,Tablet,3,25000
690,Madhuri Joshi,Delhi,Mobile,2,20000
691,Babu Singh,Kolkata,Speaker,4,3500
692,Rahul Sharma,Bangalore,Speaker,2,3500
693,Jyoti Gupta,Jaipur,Headphones,1,2000
694,Ashok Rao,Kolkata,Monitor,4,18000
695,Praveen Shah,Jaipur,Camera,4,35000
696,Venkat Patel,Pune,Camera,2,35000
697,Ritu Singh,Pune,Keyboard,3,1500
698,Vivek Gupta,Delhi,Laptop,2,60000
699,Rajan Gupta,Bangalore,Monitor,1,18000
700,Sujata Shah,Chennai,Camera,2,35000
701,Divya Gupta,Ahmedabad,Camera,3,35000
702,Shalini Kumar,Hyderabad,Printer,2,12000
703,Satish Gupta,Kolkata,Monitor,3,18000
704,Divya Joshi,Pune,Laptop,1,60000
705,Pavan Shah,Nagpur,Mobile,4,20000
706,Arjun Rao,Ahmedabad,Headphones,2,2000
707,Geeta Patel,Hyderabad,Mobile,1,20000
708,Neha Shah,Delhi,Laptop,3,60000
709,Karan Rao,Chennai,Printer,1,12000
710,Geeta Singh,Hyderabad,Tablet,2,25000
711,Mala Joshi,Hyderabad,Tablet,3,25000
712,Sujata Shah,Delhi,Speaker,3,3500
713,Kishor Singh,Delhi,Tablet,1,25000
714,Mangala Shah,Chennai,Printer,1,12000
715,Harish Shah,Hyderabad,Printer,2,12000
716,Indira Shah,Mumbai,Keyboard,2,1500
717,Arun Sharma,Nagpur,Camera,3,35000
718,Nikhil Sharma,Hyderabad,Keyboard,1,1500
719,Nisha Gupta,Nagpur,Laptop,3,60000
720,Ajay Sharma,Pune,Mobile,4,20000
721,Umesh Nair,Delhi,Speaker,4,3500
722,Ashok Rao,Jaipur,Speaker,1,3500
723,Asha Shah,Nagpur,Tablet,4,25000
724,Karan Kumar,Bangalore,Mobile,3,20000
725,Nisha Sharma,Mumbai,Camera,2,35000
726,Ashok Patel,Mumbai,Monitor,1,18000
727,Geeta Shah,Ahmedabad,Keyboard,1,1500
728,Mala Patel,Ahmedabad,Speaker,2,3500
729,Priya Sharma,Hyderabad,Headphones,2,2000
730,Ravi Iyer,Jaipur,Smartwatch,3,8000
731,Naveen Gupta,Mumbai,Mobile,4,20000
732,Kamla Iyer,Kolkata,Tablet,1,25000
733,Dinesh Kumar,Chennai,Laptop,3,60000
734,Rajan Shah,Kolkata,Headphones,1,2000
735,Ritu Gupta,Delhi,Smartwatch,1,8000
736,Prasad Sharma,Bangalore,Speaker,4,3500
737,Ramesh Singh,Mumbai,Monitor,4,18000
738,Harish Rao,Chennai,Camera,2,35000
739,Nalini Kumar,Bangalore,Keyboard,4,1500
740,Nisha Gupta,Bangalore,Printer,1,12000
741,Sandeep Sharma,Mumbai,Camera,4,35000
742,Shalini Gupta,Jaipur,Mobile,4,20000
743,Yashwant Nair,Jaipur,Keyboard,2,1500
744,Prasad Singh,Mumbai,Speaker,1,3500
745,Nagesh Shah,Jaipur,Printer,2,12000
746,Mohan Joshi,Delhi,Tablet,2,25000
747,Swati Patel,Pune,Speaker,1,3500
748,Rukma Nair,Nagpur,Tablet,3,25000
749,Sunil Sharma,Mumbai,Speaker,4,3500
750,Hemant Rao,Bangalore,Monitor,4,18000
751,Sneha Shah,Ahmedabad,Monitor,4,18000
752,Kavya Nair,Delhi,Tablet,1,25000
753,Rajesh Shah,Mumbai,Smartwatch,3,8000
754,Ravi Singh,Chennai,Keyboard,4,1500
755,Meena Patel,Bangalore,Speaker,2,3500
756,Varsha Shah,Chennai,Mobile,4,20000
757,Arun Gupta,Pune,Keyboard,3,1500
758,Padma Kumar,Hyderabad,Smartwatch,3,8000
759,Madhuri Joshi,Mumbai,Headphones,2,2000
760,Naveen Joshi,Hyderabad,Smartwatch,4,8000
761,Pallavi Sharma,Nagpur,Keyboard,2,1500
762,Ravi Joshi,Jaipur,Camera,1,35000
763,Smita Patel,Mumbai,Smartwatch,4,8000
764,Amit Iyer,Ahmedabad,Mobile,2,20000
765,Swati Gupta,Pune,Headphones,1,2000
766,Girish Kumar,Hyderabad,Headphones,3,2000
767,Padma Joshi,Jaipur,Speaker,1,3500
768,Rukma Kumar,Nagpur,Camera,4,35000
769,Tushar Joshi,Delhi,Keyboard,3,1500
770,Praveen Patel,Bangalore,Laptop,3,60000
771,Ritu Nair,Pune,Tablet,2,25000
772,Sujata Gupta,Nagpur,Smartwatch,4,8000
773,Smita Kumar,Pune,Keyboard,2,1500
774,Babu Patel,Ahmedabad,Mobile,2,20000
775,Ajay Shah,Bangalore,Smartwatch,4,8000
776,Ashok Rao,Kolkata,Smartwatch,2,8000
777,Vaishali Singh,Jaipur,Printer,4,12000
778,Vivek Sharma,Pune,Monitor,3,18000
779,Vrinda Shah,Ahmedabad,Smartwatch,3,8000
780,Rukma Sharma,Kolkata,Laptop,3,60000
781,Madhuri Rao,Bangalore,Smartwatch,3,8000
782,Swati Patel,Jaipur,Headphones,1,2000
783,Tushar Nair,Hyderabad,Tablet,1,25000
784,Savita Joshi,Bangalore,Smartwatch,4,8000
785,Sarita Nair,Pune,Printer,2,12000
786,Geeta Gupta,Jaipur,Keyboard,3,1500
787,Nagesh Singh,Delhi,Monitor,2,18000
788,Usha Sharma,Kolkata,Tablet,3,25000
789,Vrinda Patel,Hyderabad,Laptop,2,60000
790,Sheela Gupta,Bangalore,Speaker,3,3500
791,Padma Singh,Ahmedabad,Smartwatch,4,8000
792,Mohan Joshi,Pune,Printer,1,12000
793,Prasad Gupta,Jaipur,Laptop,4,60000
794,Sulochana Singh,Chennai,Mobile,2,20000
795,Amit Gupta,Hyderabad,Speaker,4,3500
796,Neha Rao,Delhi,Laptop,4,60000
797,Arun Patel,Hyderabad,Mobile,1,20000
798,Nalini Singh,Nagpur,Tablet,2,25000
799,Ramesh Sharma,Delhi,Printer,4,12000
800,Indira Nair,Chennai,Speaker,4,3500
801,Radha Kumar,Pune,Monitor,2,18000
802,Padma Kumar,Hyderabad,Monitor,2,18000
803,Akash Kumar,Nagpur,Headphones,3,2000
804,Bhavna Patel,Mumbai,Speaker,3,3500
805,Nikhil Sharma,Pune,Smartwatch,3,8000
806,Girish Iyer,Ahmedabad,Monitor,3,18000
807,Mala Patel,Hyderabad,Keyboard,3,1500
808,Swati Patel,Chennai,Mobile,2,20000
809,Sujata Patel,Nagpur,Mobile,2,20000
810,Mohan Rao,Pune,Speaker,3,3500
811,Dhanraj Shah,Pune,Printer,1,12000
812,Rajan Sharma,Pune,Mobile,1,20000
813,Jyoti Joshi,Chennai,Laptop,3,60000
814,Prasad Patel,Nagpur,Mobile,3,20000
815,Jyoti Sharma,Jaipur,Smartwatch,2,8000
816,Jyoti Sharma,Jaipur,Printer,1,12000
817,Sanjay Sharma,Mumbai,Keyboard,2,1500
818,Pallavi Gupta,Bangalore,Monitor,2,18000
819,Sheela Nair,Bangalore,Tablet,1,25000
820,Hemant Joshi,Nagpur,Keyboard,3,1500
821,Rohit Kumar,Pune,Laptop,1,60000
822,Kamla Joshi,Delhi,Laptop,1,60000
823,Anita Singh,Nagpur,Keyboard,3,1500
824,Nisha Joshi,Pune,Laptop,2,60000
825,Vikram Singh,Hyderabad,Camera,4,35000
826,Kavya Sharma,Pune,Mobile,2,20000
827,Rajan Patel,Hyderabad,Camera,4,35000